email,password
alice@example.com,password123
bob@example.com,password123
carol@example.com,password123
david@example.com,password123
eve@example.com,password123
frank@example.com,password123
grace@example.com,password123
henry@example.com,password123
iris@example.com,password123
jack@example.com,password123
kate@example.com,password123
liam@example.com,password123
mia@example.com,password123
noah@example.com,password123
olivia@example.com,password123
peter@example.com,password123
quinn@example.com,password123
rachel@example.com,password123
sam@example.com,password123
tara@example.com,password123
user001@example.com,password123
user002@example.com,password123
user003@example.com,password123
user004@example.com,password123
user005@example.com,password123
user006@example.com,password123
user007@example.com,password123
user008@example.com,password123
user009@example.com,password123
user010@example.com,password123
user011@example.com,password123
user012@example.com,password123
user013@example.com,password123
user014@example.com,password123
user015@example.com,password123
user016@example.com,password123
user017@example.com,password123
user018@example.com,password123
user019@example.com,password123
user020@example.com,password123
user021@example.com,password123
user022@example.com,password123
user023@example.com,password123
user024@example.com,password123
user025@example.com,password123
user026@example.com,password123
user027@example.com,password123
user028@example.com,password123
user029@example.com,password123
user030@example.com,password123
user031@example.com,password123
user032@example.com,password123
user033@example.com,password123
user034@example.com,password123
user035@example.com,password123
user036@example.com,password123
user037@example.com,password123
user038@example.com,password123
user039@example.com,password123
user040@example.com,password123
user041@example.com,password123
user042@example.com,password123
user043@example.com,password123
user044@example.com,password123
user045@example.com,password123
user046@example.com,password123
user047@example.com,password123
user048@example.com,password123
user049@example.com,password123
user050@example.com,password123
user051@example.com,password123
user052@example.com,password123
user053@example.com,password123
user054@example.com,password123
user055@example.com,password123
user056@example.com,password123
user057@example.com,password123
user058@example.com,password123
user059@example.com,password123
user060@example.com,password123
user061@example.com,password123
user062@example.com,password123
user063@example.com,password123
user064@example.com,password123
user065@example.com,password123
user066@example.com,password123
user067@example.com,password123
user068@example.com,password123
user069@example.com,password123
user070@example.com,password123
user071@example.com,password123
user072@example.com,password123
user073@example.com,password123
user074@example.com,password123
user075@example.com,password123
user076@example.com,password123
user077@example.com,password123
user078@example.com,password123
user079@example.com,password123
user080@example.com,password123
user081@example.com,password123
user082@example.com,password123
user083@example.com,password123
user084@example.com,password123
user085@example.com,password123
user086@example.com,password123
user087@example.com,password123
user088@example.com,password123
user089@example.com,password123
user090@example.com,password123
user091@example.com,password123
user092@example.com,password123
user093@example.com,password123
user094@example.com,password123
user095@example.com,password123
user096@example.com,password123
user097@example.com,password123
user098@example.com,password123
user099@example.com,password123
user100@example.com,password123
user101@example.com,password123
user102@example.com,password123
user103@example.com,password123
user104@example.com,password123
user105@example.com,password123
user106@example.com,password123
user107@example.com,password123
user108@example.com,password123
user109@example.com,password123
user110@example.com,password123
user111@example.com,password123
user112@example.com,password123
user113@example.com,password123
user114@example.com,password123
user115@example.com,password123
user116@example.com,password123
user117@example.com,password123
user118@example.com,password123
user119@example.com,password123
user120@example.com,password123
user121@example.com,password123
user122@example.com,password123
user123@example.com,password123
user124@example.com,password123
user125@example.com,password123
user126@example.com,password123
user127@example.com,password123
user128@example.com,password123
user129@example.com,password123
user130@example.com,password123
user131@example.com,password123
user132@example.com,password123
user133@example.com,password123
user134@example.com,password123
user135@example.com,password123
user136@example.com,password123
user137@example.com,password123
user138@example.com,password123
user139@example.com,password123
user140@example.com,password123
user141@example.com,password123
user142@example.com,password123
user143@example.com,password123
user144@example.com,password123
user145@example.com,password123
user146@example.com,password123
user147@example.com,password123
user148@example.com,password123
user149@example.com,password123
user150@example.com,password123
user151@example.com,password123
user152@example.com,password123
user153@example.com,password123
user154@example.com,password123
user155@example.com,password123
user156@example.com,password123
user157@example.com,password123
user158@example.com,password123
user159@example.com,password123
user160@example.com,password123
user161@example.com,password123
user162@example.com,password123
user163@example.com,password123
user164@example.com,password123
user165@example.com,password123
user166@example.com,password123
user167@example.com,password123
user168@example.com,password123
user169@example.com,password123
user170@example.com,password123
user171@example.com,password123
user172@example.com,password123
user173@example.com,password123
user174@example.com,password123
user175@example.com,password123
user176@example.com,password123
user177@example.com,password123
user178@example.com,password123
user179@example.com,password123
user180@example.com,password123
user181@example.com,password123
user182@example.com,password123
user183@example.com,password123
user184@example.com,password123
user185@example.com,password123
user186@example.com,password123
user187@example.com,password123
user188@example.com,password123
user189@example.com,password123
user190@example.com,password123
user191@example.com,password123
user192@example.com,password123
user193@example.com,password123
user194@example.com,password123
user195@example.com,password123
user196@example.com,password123
user197@example.com,password123
user198@example.com,password123
user199@example.com,password123
user200@example.com,password123
user201@example.com,password123
user202@example.com,password123
user203@example.com,password123
user204@example.com,password123
user205@example.com,password123
user206@example.com,password123
user207@example.com,password123
user208@example.com,password123
user209@example.com,password123
user210@example.com,password123
user211@example.com,password123
user212@example.com,password123
user213@example.com,password123
user214@example.com,password123
user215@example.com,password123
user216@example.com,password123
user217@example.com,password123
user218@example.com,password123
user219@example.com,password123
user220@example.com,password123
user221@example.com,password123
user222@example.com,password123
user223@example.com,password123
user224@example.com,password123
user225@example.com,password123
user226@example.com,password123
user227@example.com,password123
user228@example.com,password123
user229@example.com,password123
user230@example.com,password123
user231@example.com,password123
user232@example.com,password123
user233@example.com,password123
user234@example.com,password123
user235@example.com,password123
user236@example.com,password123
user237@example.com,password123
user238@example.com,password123
user239@example.com,password123
user240@example.com,password123
user241@example.com,password123
user242@example.com,password123
user243@example.com,password123
user244@example.com,password123
user245@example.com,password123
user246@example.com,password123
user247@example.com,password123
user248@example.com,password123
user249@example.com,password123
user250@example.com,password123
user251@example.com,password123
user252@example.com,password123
user253@example.com,password123
user254@example.com,password123
user255@example.com,password123
user256@example.com,password123
user257@example.com,password123
user258@example.com,password123
user259@example.com,password123
user260@example.com,password123
user261@example.com,password123
user262@example.com,password123
user263@example.com,password123
user264@example.com,password123
user265@example.com,password123
user266@example.com,password123
user267@example.com,password123
user268@example.com,password123
user269@example.com,password123
user270@example.com,password123
user271@example.com,password123
user272@example.com,password123
user273@example.com,password123
user274@example.com,password123
user275@example.com,password123
user276@example.com,password123
user277@example.com,password123
user278@example.com,password123
user279@example.com,password123
user280@example.com,password123
user281@example.com,password123
user282@example.com,password123
user283@example.com,password123
user284@example.com,password123
user285@example.com,password123
user286@example.com,password123
user287@example.com,password123
user288@example.com,password123
user289@example.com,password123
user290@example.com,password123
user291@example.com,password123
user292@example.com,password123
user293@example.com,password123
user294@example.com,password123
user295@example.com,password123
user296@example.com,password123
user297@example.com,password123
user298@example.com,password123
user299@example.com,password123
user300@example.com,password123
user301@example.com,password123
user302@example.com,password123
user303@example.com,password123
user304@example.com,password123
user305@example.com,password123
user306@example.com,password123
user307@example.com,password123
user308@example.com,password123
user309@example.com,password123
user310@example.com,password123
user311@example.com,password123
user312@example.com,password123
user313@example.com,password123
user314@example.com,password123
user315@example.com,password123
user316@example.com,password123
user317@example.com,password123
user318@example.com,password123
user319@example.com,password123
user320@example.com,password123
user321@example.com,password123
user322@example.com,password123
user323@example.com,password123
user324@example.com,password123
user325@example.com,password123
user326@example.com,password123
user327@example.com,password123
user328@example.com,password123
user329@example.com,password123
user330@example.com,password123
user331@example.com,password123
user332@example.com,password123
user333@example.com,password123
user334@example.com,password123
user335@example.com,password123
user336@example.com,password123
user337@example.com,password123
user338@example.com,password123
user339@example.com,password123
user340@example.com,password123
user341@example.com,password123
user342@example.com,password123
user343@example.com,password123
user344@example.com,password123
user345@example.com,password123
user346@example.com,password123
user347@example.com,password123
user348@example.com,password123
user349@example.com,password123
user350@example.com,password123
user351@example.com,password123
user352@example.com,password123
user353@example.com,password123
user354@example.com,password123
user355@example.com,password123
user356@example.com,password123
user357@example.com,password123
user358@example.com,password123
user359@example.com,password123
user360@example.com,password123
user361@example.com,password123
user362@example.com,password123
user363@example.com,password123
user364@example.com,password123
user365@example.com,password123
user366@example.com,password123
user367@example.com,password123
user368@example.com,password123
user369@example.com,password123
user370@example.com,password123
user371@example.com,password123
user372@example.com,password123
user373@example.com,password123
user374@example.com,password123
user375@example.com,password123
user376@example.com,password123
user377@example.com,password123
user378@example.com,password123
user379@example.com,password123
user380@example.com,password123
user381@example.com,password123
user382@example.com,password123
user383@example.com,password123
user384@example.com,password123
user385@example.com,password123
user386@example.com,password123
user387@example.com,password123
user388@example.com,password123
user389@example.com,password123
user390@example.com,password123
user391@example.com,password123
user392@example.com,password123
user393@example.com,password123
user394@example.com,password123
user395@example.com,password123
user396@example.com,password123
user397@example.com,password123
user398@example.com,password123
user399@example.com,password123
user400@example.com,password123
user401@example.com,password123
user402@example.com,password123
user403@example.com,password123
user404@example.com,password123
user405@example.com,password123
user406@example.com,password123
user407@example.com,password123
user408@example.com,password123
user409@example.com,password123
user410@example.com,password123
user411@example.com,password123
user412@example.com,password123
user413@example.com,password123
user414@example.com,password123
user415@example.com,password123
user416@example.com,password123
user417@example.com,password123
user418@example.com,password123
user419@example.com,password123
user420@example.com,password123
user421@example.com,password123
user422@example.com,password123
user423@example.com,password123
user424@example.com,password123
user425@example.com,password123
user426@example.com,password123
user427@example.com,password123
user428@example.com,password123
user429@example.com,password123
user430@example.com,password123
user431@example.com,password123
user432@example.com,password123
user433@example.com,password123
user434@example.com,password123
user435@example.com,password123
user436@example.com,password123
user437@example.com,password123
user438@example.com,password123
user439@example.com,password123
user440@example.com,password123
user441@example.com,password123
user442@example.com,password123
user443@example.com,password123
user444@example.com,password123
user445@example.com,password123
user446@example.com,password123
user447@example.com,password123
user448@example.com,password123
user449@example.com,password123
user450@example.com,password123
user451@example.com,password123
user452@example.com,password123
user453@example.com,password123
user454@example.com,password123
user455@example.com,password123
user456@example.com,password123
user457@example.com,password123
user458@example.com,password123
user459@example.com,password123
user460@example.com,password123
user461@example.com,password123
user462@example.com,password123
user463@example.com,password123
user464@example.com,password123
user465@example.com,password123
user466@example.com,password123
user467@example.com,password123
user468@example.com,password123
user469@example.com,password123
user470@example.com,password123
user471@example.com,password123
user472@example.com,password123
user473@example.com,password123
user474@example.com,password123
user475@example.com,password123
user476@example.com,password123
user477@example.com,password123
user478@example.com,password123
user479@example.com,password123
user480@example.com,password123
user481@example.com,password123
user482@example.com,password123
user483@example.com,password123
user484@example.com,password123
user485@example.com,password123
user486@example.com,password123
user487@example.com,password123
user488@example.com,password123
user489@example.com,password123
user490@example.com,password123
user491@example.com,password123
user492@example.com,password123
user493@example.com,password123
user494@example.com,password123
user495@example.com,password123
user496@example.com,password123
user497@example.com,password123
user498@example.com,password123
user499@example.com,password123
user500@example.com,password123
